Link,Title,Company,Location,Salary,Summary
https://kr.indeed.com/viewjob?jk=e0e323e8ddb18f6b,머신러닝 개발 경력 정규직,토니서치,성남 분당구,,"대학교(4년)졸업 직무기술: AI개발 ㆍHadoop, Spark, Docker 등 빅데이터분석환경 경험 ㆍ Python 언어로 프로그래밍 가능 ㆍTensorflow, Pytorch, Keras 딥러닝 프레임워크 사용 가능 ㆍ머..."
https://kr.indeed.com/viewjob?jk=20d40ee61adffeca,챗봇 플랫폼 개발자 모집,카카오,성남 판교역,,"서비스에 대한 두려움이 없으신 분 서버 개발 Java, Scala, Kotlin 등의 JVM 기반 언어 및 Python을 이용해서 실서비스 개발 및 운영해보신 분 데이터 엔지니어 Kafka, Elasticsearch..."
https://kr.indeed.com/viewjob?jk=77b4c2f36acac43b,네트워크 엔지니어,Nexon,성남 분당구,,"등)을 이용한 네트워크 Troubleshooting 경험 - 업무 자동화를 위한 스크립트(bash, Python, Ansible 등) 구현 경험 - 퍼블릭클라우드에 대한 지식 및 운영 경험(AWS, Azure, GCP..."
https://kr.indeed.com/viewjob?jk=3b0f0eafaace52df,영상처리 머신비전 3D데이터 핸들링 등 SW 알고리즘 개발자,17년차 중소기업 / 철도 시설물 변형 자동 측정 시스템 개발,경기도 군포,,"등) - 오픈 라이브러리 사용 경험자 (opencv, vtx 등) - 개발환경 개발언어 : VC++, Python 개발 O.S : Windows 개발 툴 : OpenCV, Halcon GUI : MFC, (QT 개발 가능자..."
https://kr.indeed.com/viewjob?jk=82fa601e5ba3f68f,[청년 디지털 일자리](주)이브이패스 데이터분석팀 직원,이브이패스,제주 제주시,"월급 1,900,000원","분석 전공 - [필수] 데이터 수집 및 크롤링, 데이터분석, 업무 자동화 등 컴퓨터 활용능력 - [필수] Python 사용 경험 1년 이상/ numpy, pandas, matplotlib, beautifulsoup 라이브러리..."
https://kr.indeed.com/viewjob?jk=6532c97675abff06,로봇 자율주행 관제 엔지니어,클로봇,성남 분당구,,게임>빅데이터·AI(인공지능)> Python|인터넷·IT·통신·모바일·게임... 응용프로그래머>C·C++|인터넷·IT·통신·모바일·게임>응용프로그래머> Python|인터넷·IT·통신·모바일·게임>응용프로그래머>로봇지능개발자|인터넷...
https://kr.indeed.com/viewjob?jk=e6b32f497e7b1fdc,[라인게임즈] 데이터분석가(마케팅/게임),넥스트플로어,서울 서초구,,"보고서 작성이 가능하신 분 [우대조건] - 게임 업계 혹은 다른 업계의 데이터 분석 실무 경험 - R 혹은 Python을 이용한 데이터분석 능력 - 수학, 통계학, 데이터마이닝, 머신러닝 등 분석 관련 학위 보유자 - 게임..."
https://kr.indeed.com/viewjob?jk=a202d213ffa283d8,12월 11번가 Backend 개발 경력공채,십일번가,서울 중구,,"2. 활용기술 [서버 개발] - Spring Boot 2.x, Spring Cloud, Reactor, Python, Node.js - Oracle, MongoDB, MySQL, Kafka, Redis, Spring..."
https://kr.indeed.com/viewjob?jk=f8fcba2c93fcc52a,"Senior Staff Engineer, FAE Samsung",ams,서울,,"programming languages including... limited to: C++, C and python carrier 15+ years of industry experience implementing..."
https://kr.indeed.com/viewjob?jk=ddd34e24c9a87d20,Counter Intelligence and HUMINT Operatio...,Booz Allen Hamilton,경기도 평택,,SharePoint... creating mathematical models and coding in R and Python Knowledge... US Army's organizational structure...
https://kr.indeed.com/viewjob?jk=8cdaf552ba7358f3,11번가 Cloud Engineer 분야,십일번가,서울 중구,,"Architecture 문서화 능력 및 능숙한 의사소통 능력을 보유 - Python, Shell, Java 등의 언어를 사용하여 운영 관리 도구를... 통신·모바일·게임>응용프로그래머> Python|인터넷·IT·통신·모바일·게임..."
https://kr.indeed.com/viewjob?jk=b25ed61fb84a5785,프론트엔드 개발자,스포카,대한민국,,"적으로 TypeScript, React 및 Redux를 사용합니다. 사내 도구는 Rust와 Haskell, Python을 사용합니다. 제출 서류 이력서(필수), 포트폴리오/Github 주소(선택) 접수 기간 상시 채용(채용시 마감)"
https://kr.indeed.com/viewjob?jk=d585814d097935eb,카카오톡 보이스톡/페이스톡/라이브톡 개발자 모집,카카오,성남 판교역,,"우대 사항 ✓ Spring/Java 혹은 Spring/Kotlin 기반 서버 개발 경험 ✓ MySQL, Python, JavaScript, Node.js 경험 ✓ 모바일/웹 환경을 위한 API 시스템 개발 경험 ✓ k8s..."
https://kr.indeed.com/viewjob?jk=ceb8243bc8ae3c35,[데이터 플랫폼]데이터 엔지니어 (전문연구요원 가능),버즈니,서울,,및 유지보수 이런 분을 찾습니다 관련 업무 경력 최소 3년 이상 있으신 분 (전문연구요원의 경우 경력 무관) Python 및 기반 데이터 플랫폼 개발 경험이 있으신 분 Docker(Contatiner) 기반 시스템 환경 구축...
https://kr.indeed.com/viewjob?jk=af5683389907a8c9,백엔드 개발자 (경력),크로스앵글,서울 역삼동,,"데이터 관리 (Auth0) - 블록체인 지갑 인증 (Ethereum, EOS) [자격요건] - 백엔드 & Python 실무 개발경험 3년 이상 혹은 그에 준하는 능력을 갖고 있으신 분 - 새로운 기술에 대해 호기심을 갖고..."
https://kr.indeed.com/viewjob?jk=aac8e9355cb855ac,[인재풀] 아티스트,Electronic Arts,서울,,Maya or 3D Max등의 아트웍 툴 사용 경험 Max script 또는 Mel Script의 사용 경험 C# 또는 Python 언어에 대한 이해 및 활용 능력 아트웍 관련 툴 제작 또는 플러그인 제작 경험
https://kr.indeed.com/viewjob?jk=a2b8aae664300392,신한AI 인공지능(AI) 인력,신한에이아이,서울 영등포구,,"련전공 : 인공지능 / 수학 / 산업공학 / 컴퓨터공학 / 통계 관련 [우대사항] - 프로그래밍 숙련자 ( python 外 C++, Java 등) - 금융데이터 또는 시계열 데이터 기반 인공지능 모델 구축 및 운영경험 - 강화..."
https://kr.indeed.com/viewjob?jk=4d5c486369121440,[기술플랫폼실] MySQL 담당자 영입,카카오페이,성남 분당구,,"능동적이고 긍정적인 분 ◆ 우대사항 - 클라우드(AWS) 환경에서의 DBMS 운영 경험이 있으신 분 - Python, GO 개발 경험 있으신 분 - NoSQL 운영 경험 있으신 분 ◆ 전형절차 서류전형 > 전화 인터뷰 > 1..."
https://kr.indeed.com/viewjob?jk=9e127b84f8f4dee7,시스템 엔지니어,Nexon,성남 분당구,,"시스템 보안 및 분석 (ACL 구성, 운영로그 분석) - 서비스 자동화 업무(Shell Script, Python, Ansible, Terraform) 2. EKS 구축 및 운영 - 서비스 시스템 구축 및 운영 (EKS..."
https://kr.indeed.com/viewjob?jk=464ef95516a5fa5c,8퍼센트 경력 개발자,8퍼센트,서울 종로구,,"개발업무 - 금융 서비스 개발 - Python/Django 기반 - 정해진 역할이 아닌 기능에 따른 업무 분배 - 프로트엔드부터 백엔드까지 업무 범위... SQL 기본 - git flow - python, django 경험자 우대"
https://kr.indeed.com/viewjob?jk=ab38178e6071aa0f,"Engr, Apps Dev 2",KLA-Tencor,대한민국,,"working effectively with different cultures. Matlab/ Python experience is a plus. We offer a competitive, family friendly..."
https://kr.indeed.com/viewjob?jk=1d7c4c7f05b892b7,"Python, API 외 신입/경력 계약직",라라,부산 수영구,"월급 2,000,000원",인터넷·IT·통신·모바일·게임>웹프로그래머> Python|인터넷·IT·통신·모바일·게임>응용프로그래머>API|인터넷·IT·통신·모바일·게임>응용프로그래머> Python|인터넷·IT·통신·모바일·게임>응용프로그래머>머신러닝(ML)
https://kr.indeed.com/viewjob?jk=c94ca88ffcfb04b3,Simulation 분야 석/박사 경력,LG디스플레이,경기도 파주,,"경험 - Programming Tool 경험(C++, Math-lab Python, Labview) 우대사항 - 유기 화학, 화학, 물리학, OLED... Tool(Shell, C, Python 등) 활용 경험 - Data..."
https://kr.indeed.com/viewjob?jk=5cb14c0712a6c4c1,시스템 엔지니어링,NHN,성남 판교역,,"Windows OS 스킬 보유 및 X86 서버 운영 경험 보유 - 기본적인 운영도구 개발 가능자 * Python, Django, JAVA - 웹 서비스 또는 플랫폼 개발 경력 보유자 - OpenStack 기반의..."
https://kr.indeed.com/viewjob?jk=70fccff4d30cb6bf,NAVER IDC 서버 운영/관리(가산),NIT Service,서울 가산동,,"Web, WAS에 대한 지식과 System application 운영 경험 - Shell script, python 활용 가능 - 해외 데이터센터 인프라 구축 또는 운영 경험 - 국가보훈대상자 및 장애인은 법령에 의거 우대..."
https://kr.indeed.com/viewjob?jk=c4146edac244e5a5,Data Scientist,레이니스트,서울,,"기반 예측, 모델링 프로젝트 경험자 데이터 분석/모델링을 위한 언어 및 프레임워크 사용에 익숙하신 분 ( Python, R, SQL, Pandas, TensorFlow, Pytorch, Spark 등) 회사 내부 구성원들과..."
https://kr.indeed.com/viewjob?jk=346c2f0c4fa947b6,시스템/서버 엔지니어 영입,카카오페이증권,성남 분당구,,"있으신 분 - 포털/게임/가상화폐/증권거래 서비스 등 대규모 인프라 운영 경험이 있으신 분 - Python, Ruby 프로그램 개발 및 Shell Script 사용이 가능하신 분 - 오픈소스(Redis, Memcached..."
https://kr.indeed.com/viewjob?jk=c61242aebac1602b,데이터분석 솔루션 개발자 (python),비아이매트릭스,서울 강남구,,- 개발 경력 5년 이상 경력자 - python 능숙자 - java 가능자... 루션 개발자 ( python) 채용 모집부문 및 자격요건 모집분야 담당업무 자격요건 및 우대사항 데이터분석 솔루션 개발자 ( python) 채용 - 당사...
https://kr.indeed.com/viewjob?jk=5d5679fc921aba56,SPD Application Engineer,Applied Materials Inc.,대한민국,,"trainer. 7. Direct experience of algorithm writing (e.g., R, Python... plus. 8. Travel to international locations at ~25..."
https://kr.indeed.com/viewjob?jk=210243e0776dc26f,Data Engineer(신입),PUBG,서울,,"해외 여행에 결격사유가 없고, 한국어 의사소통이 원활하신 분 - 서초 Office 출근이 가능하신 분 - python으로 프로그래밍이 가능하신 분 [우대 사항] - 퍼블릭 클라우드 서비스에서 개발하고 운영 하는 것에 관심..."
https://kr.indeed.com/viewjob?jk=89e690f22378dc43,"데이터 분석 및 컨설팅 분야 (Python, SAS, 빅데이터) 경력직",한국정보기술단,과천 과천시,,"데이터 분석 및 컨설팅 분야 ( Python, SAS, 빅데이터) 경력직... 대졸 이상 (학사 이상 우대) - 데이터 분석 분야 경력 2년 이상 ( Python, R, SAS 기반의 DATA Preparation, 통계, 머신러..."
https://kr.indeed.com/viewjob?jk=e0b78f2b2dfabc35,[빅데이터플랫폼] 데이터 플랫폼 운영자,한국카카오은행,성남 분당구,,"실무 경험이 있는 분 · 클라우드 및 가상화(Docker, Kubernetes) 사용 경험이 있는 분 · Python, Shell Script 로 개발 경험이 있는 분 [공통 우대 사항] · 국가유공자 및 장애인 등 취업보호..."
https://kr.indeed.com/viewjob?jk=cef5f2b06f1c5370,2020년 석/박사 [산업분석],현대글로비스,서울 강남구,,"통계학과, 컴퓨터공학, 산업공학, 수학 등의 전공자 - ML/DL/데이터 마이닝을 통한 모형 개발 가능자( Python, R 활용) - 빅데이터 플랫폼(Hadoop기반) 및 RDBMS에 대한 기본 지식 보유 - Hadoop..."
https://kr.indeed.com/viewjob?jk=c2f5f53dc48263eb,Machine Learning Researcher – On-device...,Qualcomm Korea YH,서울,,"experiences • Algorithm implementation experiences using python with deep learning platform, e.g. PyTorch, TensorFlow..."
https://kr.indeed.com/viewjob?jk=6c10683595204218,11번가 System Engineer 분야,십일번가,서울 중구,,"면접 - 임원면접 - 채용검진 - 입사 직무 키워드 Linux, IaC( python, java, bash 등), Private/public Cloud... 통신·모바일·게임>웹프로그래머> Python|인터넷·IT·통신·모바일·게임..."
https://kr.indeed.com/viewjob?jk=25a21ebfa5410f05,eBeam System Engineer for R&D Extension...,Applied Materials Inc.,경기도 화성,,"Capability & programing experience with MATLAB, Python, etc. Qualifications Education: Master's Degree Skills..."
https://kr.indeed.com/viewjob?jk=e5ca14de265f7fc9,Data Analyst,레이니스트,서울,,"가지신 분 Business Intelligence 시스템 및 비즈니스 리포팅 툴의 활용 능력 프로그래밍 언어( Python/R, etc)를 활용하여 데이터 분석이 가능하신 분 더 나은 데이터 기반 서비스를 만들기 위해 동료들과..."
https://kr.indeed.com/viewjob?jk=ce2302f054015ca1,Consultant - App Platform,Microsoft,대한민국,,"more... following: Azure PowerShell, CLI, Visual Studio, Python, Ruby or Terraform Identity: Designing and implementing..."
https://kr.indeed.com/viewjob?jk=e6151e2dcecaa330,[교원그룹] 스마트테크부문 경력직 수시 (Data Scientist/Da...,교원그룹,서울 중구,,"팀과의 긴밀한 협업 및 의사소통 데이터 분석/모델링을 위한 언어(R/ Python 등), 중급 이상 프로그래밍 가능 ML/DL 알고리즘 이해 및 활용능... 통신·모바일·게임>응용프로그래머> Python|인터넷·IT·통신·모바일·게임..."
https://kr.indeed.com/viewjob?jk=3b752abecf619fe5,채팅모듈 개발자,Nexon,성남 분당구,,"대사항 - 대규모 동시 접속 및 고용량 데이터 처리 경험 - Unix/Linux 시스템에 대한 이해 - Python, Java, Event-Driven Framework에 대한 이해 - TCP/IP와 네트워크 프로그래밍..."
https://kr.indeed.com/viewjob?jk=25725b3c0e607311,Junior Quant Trader,Byzantine Partners,서울,,background is a plus Programming capability is mandatory (i.e. Python) Understanding of machine learning algorithm is a plus...
https://kr.indeed.com/viewjob?jk=df21e3bb5d773616,Python Programmer,Mofac,서울 서초구,,개발 – JAVA 프로그래밍(라이브러리 활용) – Spring 프레임 워크 개발 – Python API 프로그래밍 우대사항 – Python 개발 경험 – Open Source 라이브러리 개발경험 – Web 표준에 대한 경험...
https://kr.indeed.com/viewjob?jk=6eb0aa717950d771,빅데이터 및 AI 분석/개발 경력사원,GS ITM,서울 종로구,,"빅데이터 처리/분석 관련 Public Cloud 기술 보유자 (AWS, GCP, Azure 등) - Python 개발 유경험자(Numpy, Pandas, scipty, matplotlib 등의 lib 사용가능) - 분석 모델..."
https://kr.indeed.com/viewjob?jk=f4190a8dbb8c05b1,[AI R&D] Language AI(NLP) Research 분야 수시...,엔씨소프트,성남 판교역,,"분 - 통계/Machine Learning에 대한 이해와 활용 능력 및 text 처리 기술에 대한 경험 - Python, Java 등을 이용하여 NLP 기술을 구현 가능한 분 - 최신 기술(논문, 기술문서 등)을 습득하는..."
https://kr.indeed.com/viewjob?jk=d83fc0dd2641f483,전문연구요원 (병역특례) 수시 (AI / SW 분야),딥엑스,성남 분당구,"연봉 40,000,000원 - 100,000,000원",요구 능력] - ASM/C/C++/ Python 언어 코딩 기술 - 운영체제... 경험 - Windows/Linux 상에서 C++/ Python 언어 사용 개발 경험 - C++ / Python 언어 사용 개발 경험 - 객체지향 설계에...
https://kr.indeed.com/viewjob?jk=39db5866372ca186,2021년도 국비 기술교육생,대한상공회의소 광주인력개발원,광주 광산구,,통신·모바일·게임>빅데이터·AI(인공지능)>데이터분석|인터넷·IT·통신·모바일·게임>빅데이터·AI(인공지능)> Python|인터넷·IT·통신·모바일·게임>빅데이터·AI(인공지능)>머신러닝|인터넷·IT·통신·모바일·게임>빅데이터...
https://kr.indeed.com/viewjob?jk=cac18e6bcbee5a21,Front end 개발자,브릭,성남 분당구,"연봉 28,000,000원","ElasticSearch 사용 언어 (빈도수 순) : Java, C#, Javascript, Scala, Python, R, C++ 7. 근무 조건 근무장소 : 경기도 성남시 분당구 판교역로 230, 309호(삼환하이펙스..."
https://kr.indeed.com/viewjob?jk=8b191f9812931802,[진행중]우리은행 AI사업부 전문직(AI알고리즘 고도화) 채용공고,우리은행,서울 회현동,,"업무 경력 5년 이상 - Tensorflow, Pytorch 등 머신러닝 도구 활용 역량 보유 - Python, R 등 프로그래밍 활용 역량 보유 - 프로젝트 매니징 또는 직무 리더 경험자 우대사항 - AI..."
https://kr.indeed.com/viewjob?jk=aea07d26df8ae423,Machine Learning Researcher – Audio and...,Qualcomm Korea YH,서울,,experience in machine learning • Programming skill in Python or C/C++ • Experience in PyTorch (preferred) or TensorFlow...
https://kr.indeed.com/viewjob?jk=8327679eecb720a4,2020년 개발자,NHN TOAST,성남 판교역,,"Network, Linux, Windows Server 트러블 슈팅 숙련자 - 2년 이상의 개발 경험자(PHP, Python 등) [QA Engineer 경력] Job Description 자격요건 우대사항 - 클라우..."
https://kr.indeed.com/viewjob?jk=9a818d9d91db847d,Data Analytics SA,Amazon Web Services Korea LLC,서울,,"some relevant languages, tools and frameworks (e.g python, Java, R, scala, spark, Kafka, Hadoop ecosystem, presto, Hive..."
https://kr.indeed.com/viewjob?jk=097c35ed002a62e5,NAVER IDC 서버 운영/관리(평촌),NIT Service,안양 동안구,,"Web, WAS에 대한 지식과 System application 운영 경험 - Shell script, python 활용 가능 - 해외 데이터센터 인프라 구축 또는 운영 경험 - 국가보훈대상자 및 장애인은 법령에 의거 우대..."
https://kr.indeed.com/viewjob?jk=1d89fe4b37ab05ed,"데이터마이닝, 빅데이터 큐레이터 외 신입/경력 정규직",에임즈인터내셔널코리아,서울 강남구,,"있거나 이에 준하는 실질적인 기술 경력 -데이터를 다루기 위한 Python 혹은 R 등의 프로그래밍 능력 -SQL의 사용 능력 -데이터를 다루기 위한 Python, R, Java 중 1개의 프로그래밍 능력 -대용량 데이터..."
https://kr.indeed.com/viewjob?jk=cd40cf786e32f325,사내 및 서비스 보안 담당자 (경력),네오위즈,대한민국,,"GuardDuty, WAF, VPC Flow Logs 분석 등)이 있으신 분 - 각종 스크립트 언어(Perl, Python, shell script 등)의 활용 능력을 가진 분 - 모바일 게임 앱에 대한 보안 검수 경험이..."
https://kr.indeed.com/viewjob?jk=eca59a4ce24a2ce1,이커머스팀 Data Analytics (데이터 분석가),에프알엘코리아,서울 송파구,,"이상의 영어, 또는 일본어 ■ 우대사항 Retail / E-commerce 분야의 데이터 분석 경험 Python, R, Spark 등을 활용한 데이터 프로세싱에 대한 높은 이해도 데이터 시각화(Tableau, Grafana..."
https://kr.indeed.com/viewjob?jk=16855c6c37b1810e,2020 [AI/ Data Scienitst],씨젠,서울 송파구,,"문가로서 다양한 대량 데이터 분석을 통한 통계적 추론 경험자 •머신러닝 기반 모델링 역량보유 및 분석기술 ( Python, R 언어등) 5년이상 경험자 •딥러닝 및 관련 프레임워크(Pytorch, Tensorflow)를 활용한..."
https://kr.indeed.com/viewjob?jk=a6d9692dec21424c,[아이콘트롤스] 2020년 경력 직원 (기술연구소) 연구개발부문,현대산업개발,성남 분당구,,"3년 이상 - 프로그램 개발( Python, Java) 능력 보유 - 대용량... 이상 -오픈소스 기반 백엔드 개발자 -Spring, node.js, python 프레임워크를 활용한 서버 개발 역량 -AWS를 활용한 개발 유경험자..."
https://kr.indeed.com/viewjob?jk=649ccf047c868778,"금융 데이터 분석 엔진, 로보어드바이저 개발자",에스비씨엔,서울 영등포구,,"시스템, 머신러닝, 자연어처리. 패턴분석 - 다음 언어에서 최소 한 가지 이상 능숙자: Java, C++, Python, JavaScript 우대사항 - 석사이상 컴퓨터공학 (Computer Science) 분야 또는..."
https://kr.indeed.com/viewjob?jk=116009dbf59211ed,퍼즐데이터 역량있는 데이터 분석가,주식회사퍼즐데이터,서울 역삼동,,"데이터 마이닝 및 통계분석에 대한 전반적인 이해 3. 관련분야(산업공학, 통계 등) 전공 4. R or Python 사용 능력 * 이런 분은 더욱 좋아요. 1. 프로세스 마이닝 지식 보유자 2. 관련분야 대학원 전공 3..."
https://kr.indeed.com/viewjob?jk=1cebf88c0657b541,산업진흥원 연구 및 사무직,산업진흥원,충청남도 아산,"월급 2,400,000원 - 2,600,000원","업무 스마트팩토리 및 사회과학 연구, 사무업무 [총무ㆍ인사>일반사무>사무행정] 문서관리, JAVA 프로그램, Python 프로그램, C++ 프로그램 사용가능자 우대 (인센티브 지급) 문서 보관ㆍ보존하기,문서 수ㆍ발신하기,문서..."
https://kr.indeed.com/viewjob?jk=d748c217f78dbd58,DBA 엔지니어,쏘카,대한민국,,"시계열 데이터베이스(InfluxDB) 구축 및 운영 경험이 있으신 분 • 자동화를 위한 스크립트(Shell, Python, Ansible) 지식을 보유하신 분 • 새로운 기술 도입에 대한 오픈 마인드를 갖고 계신 분 전형절차..."
https://kr.indeed.com/viewjob?jk=ee987172a7b12be0,자율협력주행 온라인 박람회,한국도로공사,서울,,통신·모바일·게임>빅데이터·AI(인공지능)>데이터분석|인터넷·IT·통신·모바일·게임>빅데이터·AI(인공지능)> Python|인터넷·IT·통신·모바일·게임>빅데이터·AI(인공지능)>머신러닝|인터넷·IT·통신·모바일·게임>빅데이터...
https://kr.indeed.com/viewjob?jk=dfcb86f156623e5c,보훈대상자 인재 채용,네오위즈,대한민국,,경험이 있는 분 - Unix(Linux) / Windows Script 작성 능력을 갖춘 분 - Java / python 개발 능력을 보유한 분 모바일게임 UA마케팅 담당자 (경력) 경력 [담당업무] - 권역별 시장...
https://kr.indeed.com/viewjob?jk=034b9e008ef26aea,Businss Analyst,eBay Inc.,서울,,proficiency with statistical analysis tools... SAS/R/ Python is a plus. · Effective team player and works well within...
https://kr.indeed.com/viewjob?jk=b3bde1882ae8a1d8,[서울/수원/천안] 웹디자인/JAVA웹개발/빅데이터/AI인공지능 개발 분...,휴먼교육센터,천안 동남구,,통신·모바일·게임>빅데이터·AI(인공지능)>데이터분석|인터넷·IT·통신·모바일·게임>빅데이터·AI(인공지능)> Python|인터넷·IT·통신·모바일·게임>빅데이터·AI(인공지능)>머신러닝|인터넷·IT·통신·모바일·게임>빅데이터...
https://kr.indeed.com/viewjob?jk=d852018122f62ace,[신성장] 개발 엔지니어 (인턴직),버즈니,서울,,"위해서 필요한 일을 스스로 발굴하고, 성장할 수 있는 개발자와 함께 일하고 싶습니다. 이런 일을 담당합니다 Python 언어 사용 – Data crawling : 다양한 상품 데이터 수집 (예: 상품 가격, 이미지, 상세설명..."
https://kr.indeed.com/viewjob?jk=810816c790317a08,보안,NHN,성남 판교역,,"보안 설계/적용/운영 경험 - Python, Script Language... 보안 위협 및 비정상 행위 분석 경험 - JAVA&Spring/ Python 개발 경력 3년 이상 - Linux 이론 지식 및 활용 경험..."
https://kr.indeed.com/viewjob?jk=7dfbf378267bf0b0,Physicist or Engineer (m/f/d) as System...,pmdtechnologies,서울,,PhD graduate) Well-founded knowledge and safe handling of Python Experience... field of data analysis Basic knowledge...
https://kr.indeed.com/viewjob?jk=f3ace37c4d937d62,글로벌 소셜카지노 부문 사업PM,네오위즈,대한민국,,슬롯/블랙잭 등의 카지노 게임에 대한 이해도가 있으신 분 2. SQL 사용이 익숙하신 분 3. 엑셀/R/ Python을 활용해 통계 분석이 가능하신 분 4. 영어 활용 능력이 높으신 분 * 면접 일정 안내는 서류 합격...
https://kr.indeed.com/viewjob?jk=a1c55a2ad7480ad2,MBC 프론트엔드 개발자,문화방송,서울 마포구,,"지원하기를 희망합니다. 지원버튼을 클릭 하시면 기업 홈페이지로 이동 합니다. 직무/산업 직무별(직종) 웹프로그래머SQL, Python HTML코딩.퍼블리셔자바스크립트, CSS 산업별(업종) 방송.케이블.프로덕션 지상파방송"
https://kr.indeed.com/viewjob?jk=58ff9351c67e142d,[기술기획] 클라우드 플랫폼 개발자,한국카카오은행,성남 분당구,,"2년 이상인 분 · Infrastructure as Code를 이해하고 구현할 수 있는 분 · Golang, Python, Java 중 하나 이상의 언어에 능숙한 분 우대사항 · 서비스를 설계 단계부터 참여해서 오픈한 경험이..."
https://kr.indeed.com/viewjob?jk=7453bfdc26273cd9,Quantitative Researcher,자산운용: Quantitative Research,서울,"연봉 110,000,000원 - 140,000,000원","깊은 사고력, 창의력, 직업적 윤리의식, 끈기 있고 명석한 자가주도형 인재 프로그래밍 가능 (C++, Python 선호하나 필수는 아님) 글로벌 금융 시장에 대해 배우려는 강력한 의지 영어로 의사소통이 원활하신 분 (서면 및..."
https://kr.indeed.com/viewjob?jk=a50fce6cc2cb57c9,자연어처리전문가 금융챗봇 만들어 갈 엔지니어,파운트,서울 충정로역,,리에 필요한 알고리즘을 개발하고 Python으로 구현 및 성능 검증을 진행... Description - 자연어 처리에 필요한 알고리즘을 개발하고 Python으로 구현 및 성능 검증을 진행 - 자연어 전처리 (형태소 분석...
https://kr.indeed.com/viewjob?jk=b658bf0e47e92299,Native Korean Speaking Software QA Test Engineer,TikTok,서울 여의도역,"월급 4,000,000원 - 6,000,000원","Education, Technical Skills / Knowledge) * Experience on Python, Shell * Experience in test tools/framework... Charles..."
https://kr.indeed.com/viewjob?jk=52df5f332439e2f7,[보안]위메프 보안 엔지니어(정규직),위메프,대한민국,,"형상관리(git, stash) 사용 경험이 있는 분 - 상용 보안솔루션 REST API 연동 경험이 있는 분 - Python 등 기타 언어의 사용 경험이 있는 분 [우대사항] - WebFramework 개발 경험이 있는 분..."
https://kr.indeed.com/viewjob?jk=914578ba5310e818,Software Development Engineer,Mentor Graphics (Korea) LLC,경기도 성남,,data analysis Developing high performance software in python/programming language; Expertise in various software development...
https://kr.indeed.com/viewjob?jk=1b62babbbf2d717a,경험최적화 - 데이터 사이언티스트/분석가,Nexon,성남 분당구,,피처 탐색 등) - 게임 내 행동 패턴 로그 분석과 패턴 식별 및 이를 통한 서비스 개선 지원자격 - Python을 사용한 데이터 분석 및 모델 개발 경험 - 머신러닝 라이브러리 활용 경험 - 셀프 모티베이션과 원활한...
https://kr.indeed.com/viewjob?jk=bd5ce1a809ec610a,Modem QA Contractor,聯發科技,경기도 성남,,4. Good verbal and written communication skills in English 5. Prefer programing experience(C/JAVA/ Python #LI-NOPOST
https://kr.indeed.com/viewjob?jk=94064c6864564f7b,CG Artist,LOCUS,대한민국,,"크리쳐 리깅 MAYA 가능자 / PYTHON SCRIPT 가능자 MEL... PHOTOSHOP, AE) DIGITAL PAINTING/ MEL/ PYTHON SCRIPT HAIR/CLOTH 신입/경력 00명 헤어/클로스..."
https://kr.indeed.com/viewjob?jk=f91bdb1160ad64d2,"빅데이터, Python 외 신입 정규직",주)씽크풀,서울 영등포구,,"주)씽크풀 빅데이터, Python 외 신입 정규직 채용 모집부문 및 자격요건 담당업무 자격요건 인원 [담당업무] 파이썬( Python) 콘텐츠 알고리즘... 게임>빅데이터·AI(인공지능)> Python|인터넷·IT·통신·모바일·게임..."
https://kr.indeed.com/viewjob?jk=241ae1e7499c461c,Security Engineer (모의해킹/취약점 점검),Toss,서울 강남구,,"그바운트 경험이 있는 분 - 해킹대회 우승 경력이 있는 분 - 다양한 플랫폼 보안 진단 경험이 있는 분 - Python, C, C++, C#, JAVA 중 프로그래밍 언어에 능숙 하신 분 # 현업 인터뷰 - 결제 산업의 미래..."
https://kr.indeed.com/viewjob?jk=e0bd768490336a11,"데이터마이닝, 데이터사이언스 신입 인턴",성공하는공장,서울 강남구,,"학과, 전산학, 컴퓨터공학과, 통계학 [우대사항] 전공계열: 인문과학계열, 공학계열 자격증: EXCEL, PYTHON, 컴퓨터활용능력 우대사항: 인근거주자 0 명 근무조건 고용형태: 인턴(근무기간 협의 후 결정, 수습기간 3..."
https://kr.indeed.com/viewjob?jk=07375dc4e800dfa9,추천 시스템 소프트웨어 엔지니어,카카오,성남 판교역,,"관련 업무 경험자 우대사항 운영체제, 네트워크, 컴파일러, 데이터베이스에 대한 이해가 깊으신 분 Python, C++, GPU 프로그래밍 숙련자 대용량/실시간 서비스 개발/운영 경험이 많으신 분 ICPC/TopCoder..."
https://kr.indeed.com/viewjob?jk=716bdc34dfbe8f69,정보보호 담당자 영입,카카오페이,성남 분당구,,"술적 지식과 설계, 구축, 운영 등 역량을 보유하신 분 - 개발언어(Shell script, JAVA, Python 등)에 대한 이해 및 코드리뷰와 관련한 역량을 보유하신 분 - ISMS-P, PCI-DSS, ISO27001..."
https://kr.indeed.com/viewjob?jk=29a5ab4ff766e94b,Internship: Automotive Sensor Applicatio...,Infineon Technologies,서울,,"Bachelor’s or Master's course (Major... relevant.) Python or R or MATLAB or Octave, or other similar S/W language..."
https://kr.indeed.com/viewjob?jk=3dcdb41ce780fc66,Analyst,Global Green Growth Institute,대한민국,,validating data and results using Python software. He/she... responsible... interface using Python... Simulation...
https://kr.indeed.com/viewjob?jk=55a19c92c845685e,Developer / Designer recruit,마이뮤직테이스트,서울 논현동,,"language (i.e Python, Ruby, Java, .Net... High proficiency in Python... knowledge... least one Python web framework..."
https://kr.indeed.com/viewjob?jk=09771a6f79b71060,Business Data Analyst(Azar/Hakuna),하이퍼커넥트,서울,,Excel Preferred Qualifications Comfort with R... Python Familiarity with Bigquery and Data Studio 360 English language...
https://kr.indeed.com/viewjob?jk=bf1fca00c4f999e3,[전문연구요원] AI R&D - Langauge AI,엔씨소프트,성남 판교역,,"기계번역을 잘 하기 위한 데이터와 관련된 연구 등을 진행합니다. 지원자격 학력 : 석사 이상 필수조건 - Python, C/C++ 등 한 가지 이상의 컴퓨터 프로그래밍 언어 활용 능력 - 머신러닝/딥러닝 기술에 대한 기본..."
https://kr.indeed.com/viewjob?jk=9a9e91ae6092ed2d,Developers,Coinplug,경기도 성남,,"development and operation Experience using Java / Node.js / Go / Python, etc. Ability to utilize Databases including RDB..."
https://kr.indeed.com/viewjob?jk=7df915e1f0f86b2d,Software Architecture 설계 엔지니어,딥엑스,성남 분당구,"연봉 40,000,000원 - 100,000,000원",경험 - Windows/Linux 상에서 C++/ Python 언어 사용 개발 경험 - C++ / Python 언어 사용 개발 경험 - 객체지향 설계에... 게임>빅데이터·AI(인공지능)> Python|인터넷·IT·통신·모바일·게임...
https://kr.indeed.com/viewjob?jk=e26f899b8accca1a,Datacenter Engineer (강원도 춘천 근무),Oracle,서울,,"Base Operating System Install • Some experience with Perl, Python, Bash or Java • Core OS Services: ssh, telnet, ftp, nfs..."
https://kr.indeed.com/viewjob?jk=817b24b9fec9b7be,"백앤드개발자 (Python, Open CV 가능자 우대)",티디랩,성남 중원구,"월급 2,000,000원 - 2,200,000원","지원자격 경력 신입·경력 학력 - 성별 무관 기타 담당업무 백앤드개발자 구인( Python, Open CV 가능자 우대) 상세모집요강 접수기간/방법 지원방법 전형절차 및 제출서류 제출서류 이력서에 응시분야, 연락처, 희망..."
https://kr.indeed.com/viewjob?jk=cd5ca556791f1f79,[브랜디] 경영본부/사업본부/개발직군 신입 및 경력,브랜디,서울 강남구,,"수 있는 분 - SQL, R, Python 등 데이터 관련 언어 사용이... 형상관리에 대한 이해 - (경력) 웹 서비스 개발 경험 - (경력) Python 유경험자 - (경력) AWS, Azure 등 클라우드 환경 프로젝트..."
https://kr.indeed.com/viewjob?jk=158d61f253f65fb4,2020년 하반기 각 부문 신입/경력,스탠드포인트,서울 금천구,,년 이상 ㆍ직급/직책 : 팀장/파트장급 ㆍPHP / JAVA / Python 언어 중 한가지 이상의 언어를 능숙히 사용하시는 분 ㆍAWS(Amazon... Laravel(PHP7+) / Python / Linux / MySQL...
https://kr.indeed.com/viewjob?jk=b861e113e1b79442,AI/ NLP 개발자(Python/JAVA) (전문연구요원 병역특례 가능...,엔에이치엔다이퀘스트,서울 구로구,,AI/ NLP개발자( Python/JAVA) 모집(전문연구요원 병역특례가능... ㆍ나이/성별 : 무관 Python 개발자와 JAVA 개발자 AI 그룹 [담당업무] ㆍ소프트웨어 솔루션(JAVA / Python) 기반 AI 시스템 개발...
https://kr.indeed.com/viewjob?jk=ae775fd3698cfd07,Deep Learning Engineer Intern,Intel,서울,,optimization strategies Programming skills with Python/C++ Experience working with one or more deep learning frameworks...
https://kr.indeed.com/viewjob?jk=bfe0f5ac4f32ec89,추천 통계분석/데이터사이언티스트,카카오,성남 판교역,,기능 기계학습 모델링 지원자격 개발 경력 3년 이상 숙련된 데이터분석 능력 데이터 사이언스를 위한 언어( Python/R) 를 하나 이상 능숙하게 다룰 수 있으신 분 분석 결과를 설득력있게 전달할 수 있는 분 우대사항...
https://kr.indeed.com/viewjob?jk=d2603c1cfe3f3d27,"Python, JAVA 외 신입/경력 정규직, 계약직, 프리랜서 외",블루닷,서울 강남구,,"블루닷 Python, JAVA 외 신입/경력 정규직, 계약직, 프리랜서 외... 취소될 수 있습니다. 인터넷·IT·통신·모바일·게임>응용프로그래머> Python|인터넷·IT·통신·모바일·게임>응용프로그래머>JAVA|교육·교사·강사..."
https://kr.indeed.com/viewjob?jk=3d0cc83899a9b37f,[개발]CI/CD 엔지니어(정규직),위메프,대한민국,,"배포 경험이 있는 분 [우대사항] - kubernetes 기반 서비스 운영경험이 있는 분 - JAVA, python 등 웹어플리케이션용 개발언어 1개 이상 경험이 있는 분 - 네트워크, 리눅스 기반 관련 지식 보유한 분..."
https://kr.indeed.com/viewjob?jk=14b591547a3b9df5,[전문연구요원] 상시 (전직),네이버랩스,경기도,,"Tool Engineer ㅇ Python/C/C++ 언어 개발 용이 ㅇ... Design, Debugging Skills ㅇ스크립트 언어 개발 경험 ( Python, Bash, etc.) ㅇ Embedded Platform과..."
https://kr.indeed.com/viewjob?jk=ab8b221932fe27ef,[개발]E-Commerce 데이터 엔지니어/NLP개발자(정규직),위메프,대한민국,,개발 경력 3년 이상 - 분산파일 시스템 Hadoop 및 Spark 경험이 있는 분 - Java 및 Python 개발 능력을 보유한 분(중급 이상) - Hadoop Ecosysterm 운영 및 유지보수 경험이 있는 분...
https://kr.indeed.com/viewjob?jk=7bf179a290a157b2,경험최적화파트 - 머신러닝 엔지니어,Nexon,성남 분당구,,모델 개발 - 머신러닝을 위한 솔루션 프로토타이핑 - 머신러닝 파이프라인 설계 및 구축 지원자격 - Python에 숙련된 프로그래밍 능력과 머신러닝 라이브러리 활용 경험 - 머신러닝과 강화학습에 관련된 지식 습득 혹은...
https://kr.indeed.com/viewjob?jk=e393fa440b668be7,Data Analyst,Toss,서울 강남구,,"소지하신 분 혹은 경험이 풍부하신 분 - Data Warehouse 구축 지식이나 경험이 있으신 분 - Python, R, Spark 등 언어 및 데이터 프로세싱 프레임워크에 대한 이해도가 높은 분 - 필요한 데이터를 스스로..."
https://kr.indeed.com/viewjob?jk=18f62dc644a89e0c,2021 Global Data Internship - Seoul (Kor...,Bloomberg,서울,,"work experience using one or more programming language (e.g. Python, JavaScript, SQL, etc.) Prior coursework or involvement..."
https://kr.indeed.com/viewjob?jk=b574f1454ae36aab,Cross Border Ecommerce - Business Intell...,Shopee,서울,,business analyst related roles Proficient in SQL and Python Strong analytical skill and sensitivity to data Strong oral...
https://kr.indeed.com/viewjob?jk=7649f20d3341d1d9,[개발]위메프오 서버개발자(정규직),위메프,대한민국,,"PHP(Phalconphp), Python, JAVA(Spring Boot... 있는 분 - Docker, Git 개발환경 경험해 본 분 - PHP, Python 개발 가능하신 분 - AWS 운영경험이 있는 분 - 보훈대상자(국가..."
https://kr.indeed.com/viewjob?jk=34d1339d2a3ad86c,(주)아이옵스 소프트웨어 개발자 경력직,아이옵스,대전 유성구,,"ㆍC++, C#, python, java 등 1개 이상의 개발환경 능숙자... 급여] - 5000만원 ~ 8000만원 [우대사항] - C++, C#, python, java 등 1개 이상의 개발환경 능숙자 - Windows..."
https://kr.indeed.com/viewjob?jk=e5448ffc7d6ecf02,FPGA 플랫폼 엔지니어 (딥러닝 하드웨어 프로세서 개발),딥엑스,성남 분당구,"연봉 40,000,000원 - 100,000,000원","사용 경험(Chip Scope/SignalTap) - Language: Python/Perl, C/C++ - Vivado 또는 Synplify 또는... SignalTap) - Language: Python/Perl, C/C++..."
https://kr.indeed.com/viewjob?jk=d80ca42562e966a4,경험최적화 - 머신러닝 엔지니어,Nexon,성남 분당구,,거나 더 나은 접근 방법 제안 - 머신러닝 파이프라인 설계 및 구축과 솔루션 프로토타이핑 지원자격 - Python에 숙련된 프로그래밍 능력과 머신러닝 라이브러리 활용 경험 - 머신러닝과 강화학습에 관련된 지식 습득 혹은...
https://kr.indeed.com/viewjob?jk=3330430ae94277db,[타다]데이터 분석가/사이언티스트,쏘카,대한민국,,"통계에 대한 지식 및 머신러닝에 대한 지식을 보유하고 있으며, 데이터 분석 실무 경험이 풍부하신 분 • R, Python(Pandas, Numpy, Scikit-learn) 등의 데이터 분석을 위한 언어를 1개 이상 능숙하게..."
https://kr.indeed.com/viewjob?jk=15edcadd124ad99a,매칭 데이터분석,Nexon,성남 분당구,,"최적화 된 모델을 적용하고 평가합니다. 지원자격 [이런 경험을 가진 파티원을 찾습니다.] - SQL, Python 등의 언어를 통해 데이터를 가공한 경험이 있는 분을 찾습니다. - 문제에 적합한 머신러닝 모델을 선택하고..."
https://kr.indeed.com/viewjob?jk=2db4ede7e003f07a,DW/BI 엔지니어 영입,카카오페이증권,성남 분당구,,"사항 - 오픈 소스 기반의 시각화 도구(Zeppelin, Superset 등) 활용 경험자 - Java 또는 Python, Spark 개발 경험자 - 금융권 정보계 구축 및 운영 업무 경험자 - 기본적인 통계 모델링 및 가설..."
https://kr.indeed.com/viewjob?jk=a3a65a4d59061430,위시켓과 함께할 서버개발자님,위시켓,서울 강남구,,"를 활용한 정적 페이지 연계 - Docker, Jenkins 등을 활용한 CI/CD 개선 자격조건 - Python 기반의 프레임워크를 이용한 웹서비스 구축 또는 운영 경험 - Django 기반의 웹 서비스 구축 또는 운영..."
https://kr.indeed.com/viewjob?jk=a746de9c7a6168ef,Healthcare Real World Data Analyst 담당자,IQVIA,서울,,"HEOR 전반적인 업무 수행 Qualifications Claims Data 관련 분석 경력자 SAS / Python / R 등 통계 프로그래밍 언어 사용 가능자 통계학 전공자, 통계 및 Epidemiology 관련 석사..."
https://kr.indeed.com/viewjob?jk=0064deb5fa9cbce0,데이터 사이언티스트 모집,카카오,성남 판교역,,"양한 실험을 통해 알고리즘을 개선합니다. 지원자격 지원자격 하나 이상의 프로그래밍 언어에 익숙한 분( Python, Java, C/C++, Scala 등) 머신러닝/딥러닝 오픈소스를 이용하여 1년 이상 특정 서비스에 모델..."
https://kr.indeed.com/viewjob?jk=089931931a0474d5,소형전지사업부 경력,삼성SDI,충청남도 천안,,"천안 전공분야 - 컴퓨터/시스템 전자/전기 기계/산공 전문지식 - Java, C#, C++, Python - Oracle (PL/SQL) - Automod, VisualComponent - 통신프로그래밍 경험..."
https://kr.indeed.com/viewjob?jk=7e5d96b07d5edef0,머신러닝/딥러닝 연구 개발,NHN,성남 판교역,,"또는 개발 경력 2년 이상 - Python/C++/Java/C# 개발... 하기 위한 끊임 없는 열정과 호기심을 지닌 분 - C/C++, Python 등 개발 숙련자 [음성처리개발] Job Description 자격..."
https://kr.indeed.com/viewjob?jk=917cc06120add6e1,Data Scientist,Soomgo,서울 강남구,,년 이상 경력자 • Stakeholder와의 원활한 커뮤니케이션 능력 • SQL 능숙하게 활용 가능한 분 • Python을 활용한 수학적 통계 분석 및 모델링 가능한 분 • 다양한 머신러닝 알고리즘을 적재적소에 활용해본 경험...
https://kr.indeed.com/viewjob?jk=b9f6d0688351f5f7,[진행중]우리은행 빅데이터사업부 전문직(데이터 분석가) 채용공고,우리은행,서울 회현동,,ML/DL 기술을 활용한 분석모델 개발 및 서비스를 적용해 본 경험이 있는자 - 데이터 분석을 위한 언어( Python/R)를 하나 이상 능숙하게 다룰 수 있는자 우대사항 - 금융분야 ML/DL 관련 업무 경력 2년...
https://kr.indeed.com/viewjob?jk=dd4d8e59a4a9265d,Data Specialist (Scientist&&Engineer),아우름플래닛,서울 마포구,,"Tensorflow, Keras, Pytorch, Theano 등)를 하나 이상 사용할 수 있는 분 • R, Python, Scala, SQL 등을 이용한 데이터 분석 및 프로그램 개발 능력이 있는 분 • 데이터 분석 기법..."
https://kr.indeed.com/viewjob?jk=39fc4fc073fb4bc1,Data Scientist,Boston Consulting Group,서울,,"etc. Fluency... least one scripting language (e.g. Python, R) Fluency in English and local office language is required..."
https://kr.indeed.com/viewjob?jk=a84b5655343a0228,DRX 인재 공개,디알엑스,서울 구로구,,"방안 수립 ㆍ데이터 모델/알고리즘 설계, 개발 및 정리 필수사항 ㆍ데이터 분석 관련 경력 2년 이상 ㆍR, Python, SQL, Excel 등을 이용한 프로그램 개발 능력자 ㆍ기계 학습 모델 실무 또는 프로젝트 경험 1년..."
https://kr.indeed.com/viewjob?jk=94e6b51a16f4a0f6,Perception Software Engineer - Autonomou...,NVIDIA,대한민국,,work experience. Strong programming skills in C++ and python. Hands-on experience in developing algorithms for state...
https://kr.indeed.com/viewjob?jk=402e13c4771f01e6,[수시] ZUM 데이터 분석(경력),미래에셋제5호기업인수목적,서울 서초구,,"비즈니스의 이해 능력 - 데이터 분석 업무를 수행할 수 있는 하나 이상의 언어 스킬 필수 (예. SQL, Python, R 등) - 복잡한 분석 결과에 대한 문서화 기술역량을 보유한 분 - 분석결과에 대한 명확한 의사소통과..."
https://kr.indeed.com/viewjob?jk=52f8fb3f7e662c5d,[카카오커머스] 기술직군,카카오커머스,성남 분당구,,"Keras, Pytorch 등) - Python을 활용한 머신러닝/딥러닝... 이상 사용 경험이 있으신 분 - 프로그램 개발(Java, Scala, Python 등) 중급 이상 기술 보유하신 분 - 대용량 데이터에 대한 실시간..."
https://kr.indeed.com/viewjob?jk=d6c05c588971df5a,백엔드 파운트 시스템 엔지니어 (현재 급여수준 이상 보장),파운트,서울 충정로역,,"경험 - Linux명령어 및shell스크립트 작성 능숙 우대사항 - Python, Java등을 이용한 프로그래밍 경험 네트워크및 서버에 대한 표준화... 립트 작성 능숙 우대사항 - Python, Java등을 이용한 프로그래..."
https://kr.indeed.com/viewjob?jk=0ea424ee397bc5d2,Business/Data Analyst (Search &Discovery...,Coupang,서울 송파구,,"Tableau 또는 Power BI를 이용한 비즈니스 인텔리전스 리포팅, 대시보딩 경력을 보유하신 분 • Python, R 등 기타 Programming language 사용 경력을 보유하신 분 • A/B 테스트, 퍼널 분석..."
https://kr.indeed.com/viewjob?jk=de7daa65f0e8403c,Associate Application Engineer - EBS,Mentor Graphics (Korea) LLC,경기도 성남,,Knowledge... programming language like Visual Basic or Python is also highly desirable. Organization: Digital Industries...
https://kr.indeed.com/viewjob?jk=9d9f5827c98272c9,테크빌더팀 웹어플리케이션 개발자 (백앤드/프론트앤드),Nexon,성남 분당구,,"주요업무 - 유저동향분석 시스템, 개발팀 지원 서비스 운영 및 개발 사용언어 및 라이브러리 - Python + Flask - JavaScript, React, Angular, JQuery - Elastic Search..."
https://kr.indeed.com/viewjob?jk=4ec305f59ce64060,게임이상탐지 분석/개발,Nexon,성남 분당구,,"기법 적용에 필요한 프로그래밍 능력 ( Python) - SQL 활용 능력... 대시보드 개발 능력 솔루션 개발자 - 한 가지 이상의 개발 언어( Python, Java, Scala)에 숙련된 프로그래밍 능력 - Linux..."
https://kr.indeed.com/viewjob?jk=eaee1538d8cc832f,메시지발송 플랫폼 개발자,Nexon,성남 분당구,,"개발 가능하면서 python 개발 경험 소유자(또는 Python 개발 가능... NET 또는 python 개발 경력 5년이상 - 자동화를 위한 스크립트(powershell, bash, python 등) 경험 - Windows..."
https://kr.indeed.com/viewjob?jk=96688eea9c1a9e28,Security Engineer (취약점 분석),Toss,서울 강남구,,"# 자격 요건 - 모의해킹 및 취약점 점검 경력이 있는 분 - 소스 코드 정적 취약점 점검에 능숙한 분 - Python, C, C++, JAVA 중 프로그래밍 언어에 능숙한 분 # 우대 사항 - 국내 또는 국외 버그 바운티..."
https://kr.indeed.com/viewjob?jk=80dea8b8353c3ee0,System Engineer,Toss,서울 강남구,,"# 자격 요건 - Linux 환경에서 대용량 TPS 운영 경험이 있으신 분 - 스크립트 언어(shell, python, Perl, Ruby 등)를 사용하여 인프라 운영이 가능하신 분 - HTTP, TCP/IP 프로토콜에 대한..."
https://kr.indeed.com/viewjob?jk=89e016913c22c992,(주)리안 기업 웹 프로그래머 (Java/HTML/Python) 계약직(...,리안,부산 해운대구,,인터넷·IT·통신·모바일·게임>전산·IT기술지원>유지보수
https://kr.indeed.com/viewjob?jk=7d4bc2a107c6669b,Customer Engineer,Microsoft,서울,,least 5 years welcome experience in model development using python or R. Experience in migrating from one database to another...
https://kr.indeed.com/viewjob?jk=71c47ac87bb4087e,기술 인턴 인공지능 응용 연구/개발 인턴,써로마인드로보틱스,서울 관악구,,"6개월) (협의) *모집 절차: 서류 à인터뷰(오프라인) *지원 자격: 프로그래밍 언어 활용 능력: Python, C, C++ 중 1가지 이상 데이터구조, 알고리즘 과목 이수 머신러닝과 딥러닝의 기본 개념 이해 머신러닝..."
https://kr.indeed.com/viewjob?jk=f4750c486cc78516,Application Engineer Consultant - HAV,Mentor Graphics (Korea) LLC,경기도 성남,,"Proficient in scripting languages used today (e.g., Perl, Python, various shell scripts/Makefiles, XML, JSON, etc.) Industry..."
https://kr.indeed.com/viewjob?jk=7cca723d316495aa,Application Engineer South Korea (Physic...,Zurich Instruments,서울,,"Korean * experience in programming languages LabVIEW, MATLAB, Python or C is a plus * availability to travel, around 25..."
https://kr.indeed.com/viewjob?jk=752a4b5d63eac97c,Back-end Engineer (Python),Soomgo,서울 강남구,,래픽 처리를 위한 AWS 인프라 구축 • 5년 이상의 웹/앱 서비스 백엔드 시스템 개발 경험이 있는 분 • Python 언어를 활용한 개발 경험이 있는 분 • 성능 최적화에 대해 지속적으로 고민하고 노력하시는 분 • AWS...
https://kr.indeed.com/viewjob?jk=7af6301dc691d3ab,Data Scientist,Toss,서울 강남구,,"실무 경험 5년 이상 갖추신 분 - 실제 서비스 데이터를 이용한 분석모델 개발 경험이 있으신 분 - R, Python, Scala, SQL 등 데이터 분석의 업무를 수행할 수 있는 하나 이상의 개발 언어에 능숙하신 분 #..."
https://kr.indeed.com/viewjob?jk=df6dbb00c3db1b95,"기술연구소 정규직 연력(Java, Python, 기타)및 개발자 (경력...",파인씨앤아이,서울,"연봉 30,000,000원 - 60,000,000원","구소 정규직 연구인력(Java, Python, 기타)및 개발자를 모집합니다... 경력 : Java 개발경험 2년이상 -개발언어 : Java, C++, Python, Node 등 [근무부서 및 직급/직책] 근무부서: 기술연구소 직급..."
https://kr.indeed.com/viewjob?jk=5b73d7ce16a8338a,2021 Market Data Analyst - Seoul,Bloomberg,서울,,"work experience using one more programming language... Python, SQL and R Fluency in Korean and English (both spoken..."
https://kr.indeed.com/viewjob?jk=6ede042ebe53ba49,RTL 기반 HW IP 설계 엔지니어 (딥러닝 하드웨어 프로세서 개발),딥엑스,성남 분당구,"연봉 40,000,000원 - 100,000,000원","모델의 RTL IP 설계 및 IP 검증 가능자 - Language: Python/Perl, C/C++ [우대 조건] - ARM based SoC 설계... 검증 가능자 - Language: Python/Perl, C/C++ [우대..."
https://kr.indeed.com/viewjob?jk=d2368e2391c4f4a5,2020년 현대글로비스 석/박사 채용,현대글로비스,서울 역삼동,,"통계학과 컴퓨터공학, 산업공학, 수학 등의 전공자 -ML/DL/데이터 마이닌을 통한 모형 개발 가능자 ( Python, R 활용) -빅데이터 플랫폼(Hadoop기반) 및 RDBMS에 대한 기본 지식 보유 -Hadoop..."
https://kr.indeed.com/viewjob?jk=6f51c049f1d057f5,[한국자산평가] 신입 및 경력직원 (금융공학연구소),한국자산평가,서울 종로구,,인터넷·IT·통신·모바일·게임>응용프로그래머>C·C++|인터넷·IT·통신·모바일·게임>응용프로그래머> Python
https://kr.indeed.com/viewjob?jk=ba020dbad779cf77,Mobile Field Applications Engineer,Dolby,서울,,"level of programming language skills (C/C++, Java/Android, Python) is required. Excellent written and verbal communication..."
https://kr.indeed.com/viewjob?jk=d1e75364ef505c68,"데이터 가치를 함께 발굴하실 머신러닝, 통계 모델링 전문가 모집",카카오,성남 판교역,,해당 기술에 자신감이 있으신 분도 환영합니다. 지원자격 머신 러닝/통계 등 모델링에 활용하는 언어( Python/Scala/R 등) 및 도구(Tensor flow/Pytorch 등)를 하나 이상 능숙하게 다룰 수 있으신...
https://kr.indeed.com/viewjob?jk=1a75ce748c5f24e9,TOAST CAM 임베디드 개발,NHN,성남 판교역,,"또는 석사 학위 또는 그에 준하는 실무 경험자 (신입 지원가능) - 임베디드 환경에서 영상 처리 경험자 - Python, C++ 개발 경험 - 딥러닝 프레임워크, 컴퓨터 비젼 경험자 - Visual Object..."
https://kr.indeed.com/viewjob?jk=924ed6fc5baf7235,2020년 한국통계정보원 SW분야 직원(신입),재단법인 한국통계정보원,대전 서구,,있습니다. 인터넷·IT·통신·모바일·게임>웹프로그래머>JAVA|인터넷·IT·통신·모바일·게임>웹프로그래머> Python|인터넷·IT·통신·모바일·게임>데이터베이스·DBA>SQL|인터넷·IT·통신·모바일·게임>전산·IT기술지원>유지보수
https://kr.indeed.com/viewjob?jk=77dfad5a778a94c2,Senior Data Scientist,Boston Consulting Group,서울,,"leadership. Fluency... least one scripting language (e.g. Python, R) Fluency in English local office language is required..."
https://kr.indeed.com/viewjob?jk=06995d4800ce38f3,Field Application Engineer (FAE) – Korea...,LUCID Vision Labs,대한민국,,debugging technique (OpenCL... Python experience is a plus). In-depth knowledge... OpenCL... Python experience is a plus...
https://kr.indeed.com/viewjob?jk=c6f624615d1e3da4,"[Search] 파파고 머신러닝(자연어처리, 컴퓨터비전) 엔지니어 (신입...",네이버,서울,,"이해가 깊은 분 (ex: TensorFlow, PyTorch) · Python, C++ 등의 프로그래밍 언어를 1개 이상 자유자재로 다루고 Linux... 찾고, 해결할 수 있는 분 · Python 등의 프로그래밍 언어를 1 개..."
https://kr.indeed.com/viewjob?jk=4bd70fb8a220d90d,[Janssen] Data Scientist,Johnson & Johnson Family of Companies,서울,,"Expertise in one or more programming languages... R, Python or SAS. 7. Knowledge of relational database architecture..."
https://kr.indeed.com/viewjob?jk=d5b9967419c40794,Datacenter GoExpert Engineer,Oracle,서울,,"Previous experience with Programming/Scripting Perl, Python, Bash or Java Strong knowledge of network architecture..."
https://kr.indeed.com/viewjob?jk=2f9853d8068aa1f9,데이터 마트 개발,Nexon,성남 분당구,,등 데이터 파이프라인 구축에 대해 경험이 있으신 분 - SQL 활용 능력이 뛰어나신 분 우대사항 - Python이나 Scala 등과 같은 프로그래밍 언어를 활용하여 ETL 개발이 가능하신 분 - Spark를 활용하여...
https://kr.indeed.com/viewjob?jk=9bc15edd28fe08f7,"Analog Design Engr, Sr I",Synopsys,경기도 성남,,"control/data-capture. •Experience with TCL, Perl, C, Python, MATLAB. Inclusion and Diversity are important to us. Synopsys..."
https://kr.indeed.com/viewjob?jk=4adac8923476d038,프랭클린템플턴투신운용 Junior Trader (Quant base 필수...,프랭클린템플턴투신,대한민국,,"object-oriented programming and intermediate programming proficiency in Python, R or MATLAB, and SQL are essential. Licenses..."
https://kr.indeed.com/viewjob?jk=a1d687cd59776360,머신러닝 개발,Nexon,성남 분당구,,모델 개발 - 머신러닝을 위한 솔루션 프로토타이핑 - 머신러닝 파이프라인 설계 및 구축 지원자격 - Python에 숙련된 프로그래밍 능력과 머신러닝 라이브러리 활용 경험 - 머신러닝과 강화학습에 관련된 지식 습득 혹은...
https://kr.indeed.com/viewjob?jk=425ed567788202a3,Software Engineer Intern,Intel,서울,,"environment Preferred Qualifications Programming skills with Python Understanding of operating systems, system software..."
https://kr.indeed.com/viewjob?jk=23dfc13905f7fcc0,[Search] Knowledge Base Applications (신입...,네이버,서울,,"이터 수집 및 취합 - 빅데이터 기술을 이용한 데이터 분석 - 데이터 시각화 [필요기술] - Java/ Python/Scala 중 최소 1 가지이상 숙련자 - Web(HTML, JS, D3 ) [우대사항] - 대용량 데이..."
https://kr.indeed.com/viewjob?jk=c0435086bf1b4bc9,2021년 경력직(임원급 포함) 컨설턴트,페니로이스,서울 종로구,,"경험자 ○ 4년제 대학교 졸업이상 (석/박사 졸업자 우대) ○ 해외 학위나 영어 능통자 우대 ○ SAS, R, Python등 분석 Package 활용 가능자 및 분석 플랫폼 기반 프로젝트 수행자 ○ 금융권 관련 업무 종사자나..."
https://kr.indeed.com/viewjob?jk=7df915e1f0f86b2d,Software Architecture 설계 엔지니어,딥엑스,성남 분당구,"연봉 40,000,000원 - 100,000,000원",경험 - Windows/Linux 상에서 C++/ Python 언어 사용 개발 경험 - C++ / Python 언어 사용 개발 경험 - 객체지향 설계에... 게임>빅데이터·AI(인공지능)> Python|인터넷·IT·통신·모바일·게임...
https://kr.indeed.com/viewjob?jk=ef17560d7d3fb8f3,2020년 각 부문 신입/경력,더이앤엠,서울,,"GCP, Azure) 경력 우대 ㆍASP, Node.js, Python, Go, PHP 등 ㆍWOWZA 스트리밍 솔루션 유경험자 ㆍ호스팅 업무 유경험... ㆍASP, Node.js, Python, Go, PHP 등 ㆍWOWZA..."
https://kr.indeed.com/viewjob?jk=78e99625e5de3c95,전문연구요원 (병역특례) 수시 (AI / HW 분야),딥엑스,성남 분당구,"연봉 40,000,000원 - 100,000,000원","모델의 RTL IP 설계 및 IP 검증 가능자 - Language: Python/Perl, C/C++ [우대 조건] - ARM based SoC 설계... Linux, shell, tcl, python, perl 사용 원활..."
https://kr.indeed.com/viewjob?jk=4c882f68fdb9b023,[기술플랫폼실] 데이터 엔지니어 영입,카카오페이,성남 분당구,,"분 - Java, Scala, Python 등 프로그래밍 스킬을 보유하신... 용프로그래머> Python|인터넷·IT·통신·모바일·게임>웹프로그래머>JAVA|인터넷·IT·통신·모바일·게임>웹프로그래머> Python|인터넷·IT·통신..."
https://kr.indeed.com/viewjob?jk=4ea5f0a4f1faa8c7,2020 [SW개발자],씨젠,서울 송파구,,"경험 •Java, JavaScript, Python, Linux 능숙자... 프로그래밍 언어에 대한 이해와 경험 (Java, Node.js, R, Python, React, HTML5, CSS) •데이터 분석/통계/그래프 SW..."
https://kr.indeed.com/viewjob?jk=ce97cc7e1904d7ff,솔루션 개발자,고도소프트,서울 구로구,,"쇼핑몰 솔루션 개발 경험이 있으신 분 - 분산환경에서의 Application 개발 경험이 있으신 분 - PHP 외 Java, Python등의 언어로 개발 경험이 있으신 분 - 클라우드 환경에서의 개발 경험이 있으신 분 비고"
https://kr.indeed.com/viewjob?jk=801009ad01595eb9,AI기반 영상분석 엔지니어,크레스프리,성남 분당구,,"Keras 등) 및 Library(OpenCV 등) 경험자 - - Python/C/C++ 등 프로그래밍 활용 가능자 [근무부서 및 직급/직책] 근무부... AI, Flamework, openCV, Python 기타: - Deep..."
https://kr.indeed.com/viewjob?jk=0c07d097f996104e,하나손해보험 경력직,하나손해보험,서울 종로구,,사항 인원 근무지 정규직 자동차보험 - 상품개발/인수기획 5년 이상 ① 보험관련 자격증 소지자 ② SAS/R/ Python 숙련자 ③ 수학/통계학/보험관련 전공 O명 본점 (서울 종로구) 정규직 장기보험 - 손해/생명보험 장기...
https://kr.indeed.com/viewjob?jk=463b6df95a2554ff,[기술플랫폼실] kafka 담당자 영입,카카오페이,성남 분당구,,"이고 체계적인 문제해결 및 커뮤니케이션 능력을 보유하신 분 - Python, Shell 스크립트 사용이 가능하신 분 ◆ 우대사항 - ZooKeeper... 그래머>Linux|인터넷·IT·통신·모바일·게임>응용프로그래머> Python"
https://kr.indeed.com/viewjob?jk=cae2de07045cfb2b,"Java, Python 영상툴 개발자",에이아이메이커,서울 마곡동,,원하면 가능) 담당업무 - 영상 라벨링 Tool 개발 - Tool 정확성 개선 자격요건 - Java - Python 우대사항 - 관련 개발 경력 - 툴개발 경력 근무조건 - 월~금 AM9:30 ~ PM18:30 복지...
https://kr.indeed.com/viewjob?jk=93057adc9103ac83,[베스파] 데이터 분석(Data Analyst),베스파,서울 강남구,,분 - 게임을 일로 접근할 수 있는 마음을 가지신 분 ▣우대사항 - 전공 : 통계학/컴퓨터공학/심리학 - Python 또는 R 활용 역량을 보유하신 분 - 게임 회사에서의 데이터 분석 경험이 있으신 분 - BigQuery...
https://kr.indeed.com/viewjob?jk=550924e5eae67f0f,[인프라보호팀]보안 취약점 분석 및 조치 담당자,심플렉스,서울 동작구,,"OS(Linux, Windows) 취약점 분석 경험 - OS(Linux, Windows) 이벤트 이해 및 관제 경험 - php, python 등 언어 개발 능력 우대요건 - 호스팅 업체 근무 경력 - 장애인 및 보훈대상자"
https://kr.indeed.com/viewjob?jk=ebbd4762757dfe85,[빅데이터분석] 데이터 사업 기획 및 운영 담당자,한국카카오은행,성남 분당구,,"또는 머신러닝 관련 내용을 이해할 수 있는 분 · 적극적이고 원만한 커뮤니케이션이 가능한 분 우대사항 · Python, Java, Scala 등 프로그래밍 언어 사용 경험이 있는 분 · 전산/수학/통계 또는 관련 분야 학사..."
https://kr.indeed.com/viewjob?jk=8af26b37623864c4,8퍼센트 개발자 (신입/경력),8퍼센트,서울 종로구,,개발 금융 데이터 분석과 분석 플랫폼 운영 자격요건 컴퓨터 전공자 또는 웹 개발 경력 1년 이상 우대사항 Python 코드를 무리 없이 읽으실 수 있는 분 Linux/Mac 사용 가능한 분 새로운 기술에 대한 호기심을 가지신...
https://kr.indeed.com/viewjob?jk=8c8700db243d1a3c,Applications Engineer (Library Character...,Synopsys,서울,,"Working knowledge of scripting languages like TCL, Unix Shell, Python, or Perl. Prior AE/design experience is a plus. Working..."
https://kr.indeed.com/viewjob?jk=116009dbf59211ed,퍼즐데이터 역량있는 데이터 분석가,주식회사퍼즐데이터,서울 역삼동,,"데이터 마이닝 및 통계분석에 대한 전반적인 이해 3. 관련분야(산업공학, 통계 등) 전공 4. R or Python 사용 능력 * 이런 분은 더욱 좋아요. 1. 프로세스 마이닝 지식 보유자 2. 관련분야 대학원 전공 3..."
https://kr.indeed.com/viewjob?jk=d4c52ba1a491a8b9,현대무벡스 경력사원 상시,현대무벡스,서울 종로구,,PM>웹기획|인터넷·IT·통신·모바일·게임>웹프로그래머>JAVA|인터넷·IT·통신·모바일·게임>웹프로그래머> Python|인터넷·IT·통신·모바일·게임>네트워크·서버·보안>정보보안|인터넷·IT·통신·모바일·게임>응용프로그래머>클라우드
https://kr.indeed.com/viewjob?jk=0f7993638aee82bd,Machine Learning Researcher (Intern),Qualcomm Korea YH,서울,,"Adversarial attacks, examples Minimum Qualifications • Python Programming • Deep learning with hands-on experience of deep..."
https://kr.indeed.com/viewjob?jk=8cbce2791d943281,[EY한영] 금융감사본부 Data Analytics 전문 경력직 모집,Ernst & Young,대한민국,,총계정원장조정 경험자 - Python/R 등 프로그램 언어 활용 능력... PowerBI... Tableau Experience with Python/ R or other programming languages...
https://kr.indeed.com/viewjob?jk=50bdcec0bd5965c1,AI/빅데이터 (리더급) 국내 대기업,국내 대기업,경기도,,"경력 5년 이상 (제조업 경력, 팀리딩 경험 우대) - 데이터 모델링 및 분석 역량, 통계 지식 보유자 (R, Python,C#등 프로그램 활용 가능자 우대) 이공계열 - 통계학, 산업공학, 컴퓨터공학, 수학, (계량)경제학..."
https://kr.indeed.com/viewjob?jk=80a65fe76f39fe46,[XTRM] Data Analyst,PUBG,서울,,"Stackshare : https://stackshare.io/pubg/xtrm-data [지원 자격] - Python, SQL 등을 활용한 데이터 분석 경험자 - 데이터 시각화에 관심 많으신 분 - 한국에 거주하며..."
https://kr.indeed.com/viewjob?jk=871573c1bd610f3d,시큐리티사업/ 인프라사업/ 주차운영부문 경력 수시,한국전자금융,서울 마포구,,"및 관련 툴(SQL, R, Python 등)을 활용한 데이터 분석 능력... 그래머> Python|인터넷·IT·통신·모바일·게임>응용프로그래머> Python|인터넷·IT·통신·모바일·게임>빅데이터·AI(인공지능)> Python|인터..."
https://kr.indeed.com/viewjob?jk=ec4f0bf4742a67c7,연구소 개발부문 연구원 직원 (회로설계/하드웨어설계/머신비전/이미지프로세...,모든다해,경기도 광명,"연봉 42,000,000원 - 44,000,000원","프로그래밍 가능자 우대 S/W 설계 부문 : - OPEN CV, TENSORFLOW, YOLO, CUDA/ Python, C++, C WindowsGUL APL, MFC Lib 활용 가능자. 머신비전/ 영상처리 개발자 * 전기..."
https://kr.indeed.com/viewjob?jk=04d685fc70b67d4e,Linux/Python/PHP/MySQL/백엔드 정규직 경력,일루미나리안,용인 보정동,,"보유 - DBMS(MySQL or MariaDB), scripting Language: bash, python, OOP 언어 중 가능자 - Back-End 서버를 개발해 보신 분 [우대사항] - Go(aka GoLang..."
https://kr.indeed.com/viewjob?jk=c9d9689b4870e116,"Jr. Software Engineer, Server, Messaging...",Sendbird,서울,,"프라 위에 안정적이고 효율적인 서비스 설계 및 구축 핵심 자격요건 Python, Java, Kotlin, Go, C++ 등 서버 사이드 프로그래밍... Understanding of Python, Java, and Event..."
https://kr.indeed.com/viewjob?jk=cbc1ca95dddc4223,[단기계약직] AI 서비스 개발을 위한 다국어 텍스트 처리 개발자 모집,엔씨소프트,성남 판교역,,가능 지원자격 학력 : 학사 이상 경력기간 : ~ 2년 필수조건 - 컴퓨터공학 관련 전공자 우대사항 - Python 등을 이용한 텍스트 처리가 가능하신 분 - 데이터를 꼼꼼하게 분석하고 정리할 수 있으신 분 - 자연어처리...
https://kr.indeed.com/viewjob?jk=b102d93fa09c9676,Python 중급 개발자,"게이트웨이GatewayC,Ltd",경기도 양주,"월급 2,400,000원 - 2,600,000원",지원자격 경력 신입·경력 학력 - 성별 무관 기타 담당업무 Python을 통한 프로그램 개발 상세모집요강 접수기간/방법 시작일 2020.12.18 (금) 마감일 2020.12.31 (목) 지원방법 전형절차 및 제출서...
https://kr.indeed.com/viewjob?jk=4eff6a88fdd7bb0b,데이터 분석가,스포카,대한민국,,"성을 주도적으로 제시할 수 있는 분을 찾습니다. 우대 사항 1가지 이상의 프로그래밍 언어를 구사하시는 분: Python, R 등의 프로그래밍 언어를 1개 이상 능숙하게 사용 가능하신 분이면 좋습니다. 데이터 웨어하우징 인프라..."
https://kr.indeed.com/viewjob?jk=6a399a2c059ebbb1,Senior Solutions Engineer,Confluent,서울,,Computer Science or relevant experience Proficiency in Java or Python with experience developing ETL applications What gives...
https://kr.indeed.com/viewjob?jk=b7be58e7af38d186,Developer (개발자),Coinplug,경기도 성남,,"Azure 등 Cloud 환경에서 빌드, 배포, 모니터링 등의 경험이 있으신 분 서버 개발 [우대사항] Python / Node.js / Go / Java 중 한 가지 이상의 개발 언어에 익숙하신 분 Restful API..."
https://kr.indeed.com/viewjob?jk=abab6ea00521c14a,"[동탄/판교] 신입,병특,경력 영상처리, 머신러닝 엔지니어",위키에이드,경기도 화성,,인터넷·IT·통신·모바일·게임>응용프로그래머>머신러닝(ML)|인터넷·IT·통신·모바일·게임>응용프로그래머> Python|인터넷·IT·통신·모바일·게임>응용프로그래머>C#|인터넷·IT·통신·모바일·게임>응용프로그래머>로봇지능개발...
https://kr.indeed.com/viewjob?jk=75026d8029d690ac,"Principal, Back-end Engineering (Seller...",Coupang,서울,,데이터 처리 가능 Java / Python / Scala 등 하나 이상의... more programming language... Java/ Python/Scala Understanding of architectural...
https://kr.indeed.com/viewjob?jk=eeb9fe1c361f0758,정보보안 담당자,Nexon,성남 분당구,,보안 이벤트 분석 또는 상관관계 이벤트 분석 능력 보유 - OS 및 네트워크 관련 기초 지식 보유 - python 등의 간단한 스크립트 작성 능력보유 - 타인과의 원활한 커뮤니케이션 자세 - 새로운 기술에 대한 적극적...
https://kr.indeed.com/viewjob?jk=fb617eeb80ea6fa9,AI/빅데이터/클라우드 분야 (인재 Pool),LG유플러스,서울,,"Science를 위한 언어(R/ Python) 및 Tool(scikit-learn/Tensorflow 등) 능숙자 . Deep Learning Model 구현 경험자 . Java, Python등을 이용하여 분석을 위한 Data..."
https://kr.indeed.com/viewjob?jk=e9e86127df39c006,[Search] 검색 서버 개발 & DevOps 엔지니어 (신입),네이버,서울,,"우대사항] [ 신 입 ] · Unix/Linux 환경에서의 개발 경험이 있으신 분 · C++, Go, Python 등 하나 이상의 프로그래밍 언어로 서버 개발이 가능하신 분 · 컨테이너 및 자동화 기술에 대한 관심이..."
https://kr.indeed.com/viewjob?jk=f79c5af6aba0b1d2,[R&D부문 경력사원 ],현대오토에버,서울 강남구,,통신·모바일·게임>응용프로그래머> Python|인터넷·IT·통신·모바일·게임... 게임>웹프로그래머>JAVA|인터넷·IT·통신·모바일·게임>웹프로그래머> Python|인터넷·IT·통신·모바일·게임>네트워크·서버·보안>사물인터넷(IoT...
https://kr.indeed.com/viewjob?jk=7fdcd7a7457b1e93,데이터 분석 및 지표 구축,아프리카TV,경기도 성남,,"소비형태/이상현상과 트렌드 변화가 궁금하신분 - 신입 / 경력 [우대사항] -SQL,Excel,R, Python 등을 이용하여 데이터 추출 또는 분석이 가능하신 분 -기계학습, Deep Learning을 이용한 예측..."
https://kr.indeed.com/viewjob?jk=2755f5a6205a5c3d,프론트앤드 개발,Nexon,성남 분당구,,"UX에 대한 지속적인 관심 - 더 나은 코드를 위해 노력하시는 분 - Spring, Node.js, Python 등 한 가지 이상의 백엔드 기술에 대한 이해 - TypeScript 경험자 우대 - 프로젝트 설정부터..."
https://kr.indeed.com/viewjob?jk=05aa5498d84c58e1,데이터 엔지니어(신입/경력),쏘카,대한민국,,"있는 분 • 데이터 분석팀 및 유관 부서와의 원활한 소통을 위한 기본적인 쿼리 작성 능력을 갖춘 분 • Python 또는 Java, Scala, C++, C# 등의 언어를 최소 1개 이상 능숙하게 사용할 수 있는 분 • 대용..."
https://kr.indeed.com/viewjob?jk=e3c29b8bb9afb808,빅데이터 시스템 개발 담당자,케이뱅크은행,서울 종로구,,이터 분석 보고서 개발 - 시각화 SW 기반 보고서 개발 지원자격 빅데이터 처리 관련 업무 2년 이상 - ( Python/Java/SQL 등) SW 개발 역량 보유자 - Linux 시스템 운영 이해도가 높은 자 ※ 1차 실무면...
https://kr.indeed.com/viewjob?jk=afe92c03320fe1b3,카카오 광고 서비스 알고리즘 및 시스템 개발,카카오,성남 판교역,,"하고 싶습니다. 지원 자격 (공통) 하나 이상의 프로그래밍 언어에 익숙한 분 (C/C++, Java, Python, Go, Scala 등) 알고리즘 개발 업무 관련 데이터 마이닝 또는 머신러닝 지식/경험이 풍부한 분 (통계..."
https://kr.indeed.com/viewjob?jk=4d1b001be3234c14,유명대기업) 데이터엔지니어 초빙 (5년 이상~),에이치알니즈,서울,,"뢰감 우대사항 -AWS 환경에서의 데이터 운영, 개발 경험(Glue, Python, Airflow) -VisualizationBI Tool 활용 경험... 게임>빅데이터·AI(인공지능)> Python|인터넷·IT·통신·모바일·게임..."
https://kr.indeed.com/viewjob?jk=2a86a664e7be890b,소프트웨어 엔지니어 - 프론트엔드,LVIS Corporation,서울,"연봉 60,000,000원","시각화 구현 * 웹방식 서비스 제품에 필요한 일반적인 사용자 인터페이스 구현 자격요건 * Java, Python, JavaScript 중 하나 이상의 언어를 능숙하게 사용하는 개발자 * JavaScript, HTML5..."
https://kr.indeed.com/viewjob?jk=914ac3d9f813b8db,[상시 ] Data Scientist (대리급/과-차장급/정규직),라이나생명보험,서울 종로구,,"이상 3년 이상의 R, SQL, Python 등 프로그래밍 언어 활용 경험... 바일·게임>데이터베이스·DBA>SQL|인터넷·IT·통신·모바일·게임>응용프로그래머> Python|인터넷·IT·통신·모바일·게임>웹프로그래머> Python"
https://kr.indeed.com/viewjob?jk=55584c627df1acaa,데이터 분석가/사이언티스트(신입/인턴 가능),쏘카,대한민국,,"Sheet) 등 데이터 분석 도구를 원활히 다루시거나, 앞으로 원활히 다루고자 하는 의지가 높으신 분 • Python, R 등의 프로그래밍 언어 혹은 데이터 분석 언어를 1개 이상 능숙하게 사용 가능하신 분 전형절차 서류..."
https://kr.indeed.com/viewjob?jk=de567c4b6b588c4c,NAVER IDC 서버 운영/관리(춘천),NIT Service,춘천 동면,,"Web, WAS에 대한 지식과 System application 운영 경험 - Shell script, python 활용 가능 - 해외 데이터센터 인프라 구축 또는 운영 경험 - 국가보훈대상자 및 장애인은 법령에 의거 우대..."
https://kr.indeed.com/viewjob?jk=115f62e82db4dace,Associate,주식회사 지니얼로지,서울,"연봉 50,000,000원","familiarity... broad range of databases. * Experience with Python packages for analytics, data science, and machine..."
https://kr.indeed.com/viewjob?jk=2d83dcf8baac736b,Technical Solutions Engineer,MightyHive,서울,,"Python and R Machine Learning, Tensor Flow Data Visualization Data Engineering, ETL Technology Used Node.js, Python, Flask..."
https://kr.indeed.com/viewjob?jk=7e9a745cd8bdcbe3,"Design Consultant, Staff",Synopsys,대한민국,,"industry DFT, MBIST, and ATPG tools •Experience scripting... Python and Tcl. Experience with Verilog or SystemVerilog RTL..."
https://kr.indeed.com/viewjob?jk=9040dba1c8db2a5d,퀀트운용팀 (사원-대리급),신한비엔피파리바자산운용,대한민국,,지식 보유자 - 투자자산운용사 자격증 소지자 우대 - CFA/CAIA/CPA 자격증 소지자 우대 - VBA/ Python 활용한 업무 가능자 우대 - 관련 전공 및 석박사 학위/금융 관련 자격증 보유자 우대 3. 전형방법...
https://kr.indeed.com/viewjob?jk=3933762f9f06df56,Data Scientist(CSS 모델링),Toss,서울 강남구,,"3년 이상) - 머신러닝 등 최신 알고리즘을 활용하여 실제 비즈니스 문제 해결 경험이 있으신 분 - SQL, Python, R 등 통계/분석 프로그램을 다룰 수 있으신 분 # 우대 사항 - 금융권 데이터 분석 및 모델링 업무..."
https://kr.indeed.com/viewjob?jk=32bdbd752fb2bde8,"[기술플랫폼실] 빅데이터, 하둡(Hadoop) 플랫폼 운영 엔지니어 영입",카카오페이,성남 분당구,,"보유하신 분 - 클라우드(AWS)의 데이터 플랫폼 관련 서비스 사용 경험을 보유하신 분 - Scala, Python 등 자바 이외 언어 개발 스킬을 보유하신 분 ◆ 전형절차 서류전형 > 1차 인터뷰 > 2차 인터뷰 > 최종..."
https://kr.indeed.com/viewjob?jk=94287420f32c2e10,[Clova CIC] Clova 머신러닝 Scientist 개발 인턴 ​...,네이버,서울,,"연구 및 개발 [ 자격요건] - 2021년 상반기 내 인턴 근무 및 최종 정규직 입사가 가능하신 분 - Python 및 딥러닝 프레임워크 (PyTorch, Tensorflow) 개발 역량 - 새로운 기술이나 업무에 대한..."
https://kr.indeed.com/viewjob?jk=4a65a5779d9c9e2a,"R&D Engineer, Sr I",Synopsys,서울,,experience in its application Software programming skill in python and C++ is required. Inclusion and Diversity are important...
https://kr.indeed.com/viewjob?jk=f9bb0fa3070eabd1,"O2O 플랫폼 백엔드 개발자 (Ruby, Node.JS, Python)...",로보트리,서울 강남구,"연봉 50,000,000원 - 80,000,000원","개발자, 플랫폼, Python, node.js, github, AWS 백엔드 개발자, Backend, Ruby 기타: ## 자격요건 1. 해당 경력 3년 이상 혹은 그에 준하는 실력을 보유하신 분 2. Python, Node..."
https://kr.indeed.com/viewjob?jk=5e9a03c7b0981caa,[(주)코인플러그]서버 개발자 (신입 가능/전문연구요원/산업기능요원 보충...,코인플러그,성남 분당구,,"ㅇ goLang, python, Java, kotlin, node.js 중... 프로그래머>Linux|인터넷·IT·통신·모바일·게임>응용프로그래머> Python|인터넷·IT·통신·모바일·게임>응용프로그래머>JAVA|인터넷·IT·통신..."
https://kr.indeed.com/viewjob?jk=25b1fd701ff4f43a,[KSTEC] 통계/Analytics 신입 및 경력사원,지식시스템,성남 분당구,,"개발 (SPSS, SAS, R, Python, Java 기반) 2. 기업용... 경력 3년 ~ 10년) [기술요구사항] 1. SPSS, SAS, R, Python, Java 등 데이터분석/AI개발 도구 사용 가능자 2. Java..."
https://kr.indeed.com/viewjob?jk=be6c1f03fa566f8e,추천 시스템 연구/개발,카카오,성남 판교역,,"지원자격 개발 경력 3년 이상 적어도 하나 이상의 능숙한 프로그래밍 언어가 있으신 분 우대사항 Python, C++, GPU 프로그래밍 숙련자 TensorFlow, PyTorch, implicit 등 머신러닝/추천..."
https://kr.indeed.com/viewjob?jk=84fd9f9deb6105b0,"웹개발, Python 외 신입/경력 계약직",쿠바로엠앤씨,서울 강서구,,"주식회사 쿠바로엠앤씨 웹개발, Python 외 신입/경력 계약직 채용 모집... 게임>웹프로그래머>웹개발|인터넷·IT·통신·모바일·게임>웹프로그래머> Python|인터넷·IT·통신·모바일·게임>웹프로그래머>백엔드|인터넷·IT·통신..."
https://kr.indeed.com/viewjob?jk=2c4c5856662783e7,Data Analyst,IQVIA,서울,,learning / predictive modeling ) • 통계 프로그램 활용 능력 SAS / R / Python 중 최소 1가지 중급 이상의 활용능력 요구 • Communication Basic English...
https://kr.indeed.com/viewjob?jk=f90b1c51a3fc214c,Ant Group System operation and maintenan...,Alibaba,서울,,"IAAS, PAAS, and have basic programming ability (Java, golang, python, shell and so on) Experience, education, and skill set..."
https://kr.indeed.com/viewjob?jk=233bbfd9781e846d,"Engr, Tech Supp 3",KLA-Tencor,대한민국,,background Excel macro/code development for log analysis Python Database development for production Open to NCG (New College...
https://kr.indeed.com/viewjob?jk=e7bd311c9271bbb5,경력직 인재 (홍보.커뮤니케이션/퀀트/사무지원/홀세일/인덱스/금전채권),하나금융투자,서울 여의도,,"5년이상 경력자, 금융사에서 퀀트 모델링 업무경험 보유, Machine Learning 모델링 가능, R, Python,SQL 사용, 관련 규정상 채용 결격사유 없는 자 - 우대사항 : 금융 공학 관련 석사학위 이상자, 증권사..."
https://kr.indeed.com/viewjob?jk=2695294aea6dc3b6,MongoDB Engineer 모집,카카오,성남 판교역,,수 있는 분 Linux/Network에 대한 기초 지식이 있는 분 우대 사항 C/C++ 또는 Python 언어를 이용한 프로그램 개발(프로젝트) 경험이 있는 분 MongoDB 트러블 슈팅 경험이 있는 분 MongoDB...
https://kr.indeed.com/viewjob?jk=b1c8dcf6b4990bbd,2020 전문연구요원 공개 채용,넷마블,서울 구로구,,"제작 과정을 고도화하기 위한 인공지능 기술 연구 개발 자격요건 * 보충역/전직 대상자에 한해 지원 가능 - Python, Java, C++ 등 한 가지 이상의 프로그래밍 언어 프레임워크 능력 - 디자인 패턴 기반 설계 및..."
https://kr.indeed.com/viewjob?jk=ae2c6294bc277408,Lead Technical Solutions Engineer,MightyHive,서울,,Data Analysis in Python... R Machine... 와 같은 모바일 앱 트래킹 도구들을 위한 모바일 이벤트 트래킹 Python 또는 R 을 활용한 데이터 분석 Machine Learning...
https://kr.indeed.com/viewjob?jk=fb6bafb5ae960c4e,Security Engineer (보안 엔지니어),Toss,서울 강남구,,"시스템 구축 및 운영 경험이 있는 분 - SIEM 운영, 로그 분석 및 대응 자동화 경험이 있는 분 - Python, Java 또는 C 계열 프로그래밍에 대한 높은 이해 또는 개발 경험이 있는 분 # 우대 사항 - CISSP..."
https://kr.indeed.com/viewjob?jk=cc655f01166e576d,[연말인기과정] 자바·파이썬 개발자 양성 참여자 / 4차산업유망분야·취업...,한국직업전문학교,서울 구로구,,로젝트 제작 12월 9일 파이썬( Python)활용 디지털컨버전스 SW개발자... 웹프로그래머> Python|인터넷·IT·통신·모바일·게임>웹프로그래머>웹개발|인터넷·IT·통신·모바일·게임>빅데이터·AI(인공지능)> Python|인터넷...
https://kr.indeed.com/viewjob?jk=1ced4bebe6884b86,IT 내부감사 담당자,카카오페이,성남 분당구,,"술적 지식과 설계, 구축, 운영 등 역량을 보유하신 분 - 개발업무 수행 경험이 있거나, 개발언어(JAVA, Python 등), SQL에 대한 이해 및 코드리뷰 역량을 보유하신 분 - CISA, CIA, 정보시스템감리사 등의..."
https://kr.indeed.com/viewjob?jk=36c9aa18c344cd18,개발,주식회사 골라라,서울,"연봉 30,000,000원 - 50,000,000원","Java 또는 Kotlin) + iOS(Swift 또는 Object-C)) * 백앤드 개발자 (Node.js, Python, AWS/GCP 등 경험자, ML 및 데이타사이언스 경험자 우대) 현재 개발 스택 * 백앤드..."
https://kr.indeed.com/viewjob?jk=46975ee759c13b8a,데이터 사이언스 및 엔지니어링,NHN,성남 판교역,,"및 논리적 사고 - Java, Python, Scala 중 최소 1... 환경에서 머신 러닝 및 데이터 분석 관련 언어, 라이브러리( Python, R, SQL, tensorflow 등) 능숙한 활용 - 통계..."
https://kr.indeed.com/viewjob?jk=4e91309fc89e9534,2020년 하반기 영업/기획/마케팅/개발 부문,아우토크립트,서울 영등포구,,통신·모바일·게임>응용프로그래머> Python|인터넷·IT·통신·모바일·게임... 프로그래머> Python|인터넷·IT·통신·모바일·게임>웹프로그래머>JAVA|인터넷·IT·통신·모바일·게임>빅데이터·AI(인공지능)> Python|인터넷...
https://kr.indeed.com/viewjob?jk=d6c27e2108eafb61,Jr. Backend Developer,Delivery Tech Hero,서울,,"어로 코리아는 국내 최대의 Python 개발 조직으로, 나아가 최고의 개발 조직이 되기 위해 노력합니다. Python 으로 server systems... 다져온 우리의 Python 개발 경험은 새로이 Python 세계에 들어오고..."
https://kr.indeed.com/viewjob?jk=547650dd251bb508,"[현장코칭 숙련인력](주)아와소프트 웹(JAVA,JSP), Python,...",아와소프트,성남 분당구,,[근무조건] - 근무형태 : 정규직(수습기간)-3개월 - 근무일시 : 주 5일(월~금) 오전 9시~오후 6시 - 급여 : 회사내규에 따름 -근무지역 : (13506) 경기 성남시 분당구 성남대로916번길 11 글라스타워 3층...
https://kr.indeed.com/viewjob?jk=9cc8068806968188,필드 서포트 엔지니어 (Software support),반도체 장비 (전공정),경기도 수원,"연봉 35,000,000원 - 65,000,000원","CALL 및 고객대응 (경력) 2개 이상의 소프트웨어 개발 언어 사용 가능 ex) C++ , Java / Python, Object C 객체지향의 프로그래밍에 대한 이해 여부 소스 제어 사용 경험 유 ( GitHub..."
https://kr.indeed.com/viewjob?jk=d1caa6dcd7358165,검사 자동화 및 검사AI 분야 경력사원,LG이노텍,경기도 평택,,"C++,Labview, R, Python 등 ) - AI 관련학과 전공 및 검사공정 AI 경력 3년이상 보유자 (딥러닝 모델설계/학습/배포, 딥러닝 성능 개선 ) - Python 언어와 딥러닝 프레임워크 (Tensorflow..."
https://kr.indeed.com/viewjob?jk=1a2885a205ae2400,"Python, 데이터분석 외 경력 정규직",에임즈인터내셔널코리아,서울 강남구,,데이터 예측 알고리즘 개발 경력 - Python 개발 능력 보유 -학사 이상... 수 있습니다. 인터넷·IT·통신·모바일·게임>빅데이터·AI(인공지능)> Python|인터넷·IT·통신·모바일·게임>빅데이터·AI(인공지능)>데이터분석...
https://kr.indeed.com/viewjob?jk=b9952246cbb57fad,[전액무료] SSAC 개발자 데뷔코스 2기 교육,재단법인 서울산업진흥원,서울 영등포구,,로그래머>머신러닝(ML)|인터넷·IT·통신·모바일·게임>응용프로그래머> Python|인터넷·IT·통신·모바일·게임>응용프로그래머>증강현실(AR)|인터넷... 통신·모바일·게임>웹프로그래머> Python|인터넷·IT·통신·모바일·게임...
https://kr.indeed.com/viewjob?jk=07c56d3a1fc32c0c,Social Listening Analyst (Korea),VaynerMedia LLC,서울,,"connecting and Interpersonal skills (Experience with Boolean, Python, Excel prototyping of data visualization or using a data..."
https://kr.indeed.com/viewjob?jk=3715424cbfe0e064,백엔드 개발자,RippleAI,서울 관악구,"연봉 40,000,000원 - 80,000,000원",API 유지 보수 및 배포 - 사내 서버 관리 - 사내 코드 리뷰 / 테스트 문화 구축 < 자격요건> - Python 사용에 능숙하신 분 - Back-end 서버 개발 경력 3년 이상 또는 그에 준하는 경험이 있으신 분...
https://kr.indeed.com/viewjob?jk=7dabf0d0c3997c71,[KSTEC] 2020년 경력 사원 (SW개발자),지식시스템,성남 분당구,,"개발 (SPSS, SAS, R, Python, Java 기반) 2. 기업용... 경력 3년 ~ 10년 [기술요구사항] 1. SPSS, SAS, R, Python, Java 등 데이터분석/AI개발 도구 사용 가능자 2. Java..."
https://kr.indeed.com/viewjob?jk=8bcc7807085700a7,클라우드 엔지니어 (),NHN TOAST,성남 판교역,,"Linux, Windows Server 트러블 슈팅 숙련자 - 2년 이상의 개발 경험자(PHP, Python 등) 본 채용은 상시 채용으로 면접이 수시로 진행되며, 先지원자에게 기회가 먼저 부여되므로 빠른 지원 바랍니다..."
https://kr.indeed.com/viewjob?jk=a02e47c274d47675,Senior Data Scientist,MSD,서울,,use of R or Python to design and develop... some scripting languages like R or Python Collaborative: demonstrated experience...
https://kr.indeed.com/viewjob?jk=bd8e5afa35b65cbc,백엔드 개발자,스포카,대한민국,,들고 운영해 본 경험이 있는 분 단위 테스트 작성 등에 대해 거부감이 없고 습관이 잡혀 있는 분 우대 사항 Python 실무에서 3년 이상 사용한 경험이 있으신 분 컴퓨터과학 분야에서 논문 발표 실적이 있으신 분 마이크로서비...
https://kr.indeed.com/viewjob?jk=daf90813913b6581,사물인터넷(IoT) 개발자 - 신입도 가능,큐빅스,경기도 파주,,통신·모바일·게임>시스템프로그래머>임베디드(Embedded)|인터넷·IT·통신·모바일·게임>응용프로그래머> Python|인터넷·IT·통신·모바일·게임>응용프로그래머>JAVA|인터넷·IT·통신·모바일·게임>응용프로그래머>자바스크...
https://kr.indeed.com/viewjob?jk=12248f5a9fcf75ff,"Rigging TD, PipeLine TD",㈜프락시스스튜디오,서울,"연봉 22,000,000원 - 50,000,000원",기술 개발 사업 관련한 R&D 개발 업무. 연봉 : 협상 ( 희망 연봉 기재 ) 필요 역량 maya Python등 사용 가능자 Rigging 관련 지식이 있는 분 우대사항 maya API 또는 Auto Rigging...
https://kr.indeed.com/viewjob?jk=4c54f3a3fe84d0da,프론트엔드 개발자,토이스미스,서울 강남구,"연봉 30,000,000원 - 32,000,000원","으로 지원 가능 [우대사항] - JavaScript 이외의 개발언어 능력 (JAVA, TypeScript, Python 등) - Node & React 스택의 개발자 - Spring Framework 및 오픈소스 활용 경험..."
https://kr.indeed.com/viewjob?jk=092d062a6faa7139,데이터 분석가 모집,카카오,성남 판교역,,"이터 분석 지원자격 데이터 분석 업무를 수행할 수 있는 하나 이상의 언어 스킬 필수 (예. SQL, Python, R 등) 데이터 기반 프로젝트 경험이 있으신 분 (예: 통계 분석 프로젝트) 어떤 일이라도 중요하게 여기..."
